Class Name,Type
appeng.integration.modules.NEIHelpers.NEIAEShapedRecipeHandler,crafting
appeng.integration.modules.NEIHelpers.NEIAEShapelessRecipeHandler,crafting
appeng.integration.modules.NEIHelpers.NEIInscriberRecipeHandler,crafting
appeng.integration.modules.NEIHelpers.NEIWorldCraftingHandler,crafting
appeng.integration.modules.NEIHelpers.NEIGrinderRecipeHandler,crafting
appeng.integration.modules.NEIHelpers.NEIFacadeRecipeHandler,crafting
com.InfinityRaider.AgriCraft.compatibility.NEI.NEICropMutationHandler,crafting
net.mcft.copy.betterstorage.addon.nei.NEIRecipeHandler,crafting
codechicken.nei.recipe.ShapedRecipeHandler,crafting
codechicken.nei.recipe.ShapelessRecipeHandler,crafting
codechicken.nei.recipe.FireworkRecipeHandler,crafting
codechicken.nei.recipe.FurnaceRecipeHandler,crafting
codechicken.nei.recipe.BrewingRecipeHandler,crafting
codechicken.nei.recipe.FuelRecipeHandler,crafting
codechicken.nei.recipe.ProfilerRecipeHandler,crafting
ic2.neiIntegration.core.AdvRecipeHandler,crafting
ic2.neiIntegration.core.AdvShapelessRecipeHandler,crafting
ic2.neiIntegration.core.GradualRecipeHandler,crafting
ic2.neiIntegration.core.MaceratorRecipeHandler,crafting
ic2.neiIntegration.core.ExtractorRecipeHandler,crafting
ic2.neiIntegration.core.CompressorRecipeHandler,crafting
ic2.neiIntegration.core.ScrapboxRecipeHandler,crafting
ic2.neiIntegration.core.MetalFormerRecipeHandlerExtruding,crafting
ic2.neiIntegration.core.MetalFormerRecipeHandlerCutting,crafting
ic2.neiIntegration.core.MetalFormerRecipeHandlerRolling,crafting
ic2.neiIntegration.core.CentrifugeRecipeHandler,crafting
ic2.neiIntegration.core.BlockCutterRecipeHandler,crafting
ic2.neiIntegration.core.OreWashingRecipeHandler,crafting
ic2.neiIntegration.core.SolidCannerRecipeHandler,crafting
ic2.neiIntegration.core.BlastFurnaceRecipeHandler,crafting
ic2.neiIntegration.core.LatheRecipeHandler,crafting
mrtjp.projectred.core.libmc.recipe.PRShapedRecipeHandler,crafting
mrtjp.projectred.core.libmc.recipe.PRShapelessRecipeHandler,crafting
gregtech.nei.GT_NEI_DefaultHandler,crafting
gregtech.nei.GT_NEI_DefaultHandler,crafting
gregtech.nei.GT_NEI_DefaultHandler,crafting
gregtech.nei.GT_NEI_DefaultHandler,crafting
gregtech.nei.GT_NEI_DefaultHandler,crafting
gregtech.nei.GT_NEI_DefaultHandler,crafting
gregtech.nei.GT_NEI_DefaultHandler,crafting
gregtech.nei.GT_NEI_DefaultHandler,crafting
gregtech.nei.GT_NEI_DefaultHandler,crafting
gregtech.nei.GT_NEI_DefaultHandler,crafting
gregtech.nei.GT_NEI_DefaultHandler,crafting
gregtech.nei.GT_NEI_DefaultHandler,crafting
gregtech.nei.GT_NEI_DefaultHandler,crafting
gregtech.nei.GT_NEI_DefaultHandler,crafting
gregtech.nei.GT_NEI_DefaultHandler,crafting
gregtech.nei.GT_NEI_DefaultHandler,crafting
gregtech.nei.GT_NEI_DefaultHandler,crafting
gregtech.nei.GT_NEI_DefaultHandler,crafting
gregtech.nei.GT_NEI_DefaultHandler,crafting
gregtech.nei.GT_NEI_DefaultHandler,crafting
gregtech.nei.GT_NEI_DefaultHandler,crafting
gregtech.nei.GT_NEI_DefaultHandler,crafting
gregtech.nei.GT_NEI_DefaultHandler,crafting
gregtech.nei.GT_NEI_DefaultHandler,crafting
gregtech.nei.GT_NEI_DefaultHandler,crafting
gregtech.nei.GT_NEI_DefaultHandler,crafting
gregtech.nei.GT_NEI_DefaultHandler,crafting
gregtech.nei.GT_NEI_DefaultHandler,crafting
gregtech.nei.GT_NEI_DefaultHandler,crafting
gregtech.nei.GT_NEI_DefaultHandler,crafting
gregtech.nei.GT_NEI_DefaultHandler,crafting
gregtech.nei.GT_NEI_DefaultHandler,crafting
gregtech.nei.GT_NEI_DefaultHandler,crafting
gregtech.nei.GT_NEI_DefaultHandler,crafting
gregtech.nei.GT_NEI_DefaultHandler,crafting
gregtech.nei.GT_NEI_DefaultHandler,crafting
gregtech.nei.GT_NEI_DefaultHandler,crafting
gregtech.nei.GT_NEI_DefaultHandler,crafting
gregtech.nei.GT_NEI_DefaultHandler,crafting
gregtech.nei.GT_NEI_DefaultHandler,crafting
gregtech.nei.GT_NEI_DefaultHandler,crafting
gregtech.nei.GT_NEI_DefaultHandler,crafting
gregtech.nei.GT_NEI_DefaultHandler,crafting
gregtech.nei.GT_NEI_DefaultHandler,crafting
gregtech.nei.GT_NEI_DefaultHandler,crafting
gregtech.nei.GT_NEI_DefaultHandler,crafting
gregtech.nei.GT_NEI_DefaultHandler,crafting
gregtech.nei.GT_NEI_DefaultHandler,crafting
com.kawaiiwolf.kawaiicrops.nei.NEIRecipeHandlerKawaiiCuttingBoard,crafting
com.kawaiiwolf.kawaiicrops.nei.NEIRecipeHandlerKawaiiFryingPan,crafting
com.kawaiiwolf.kawaiicrops.nei.NEIRecipeHandlerKawaiiBigPot,crafting
com.kawaiiwolf.kawaiicrops.nei.NEIRecipeHandlerKawaiiChurn,crafting
com.kawaiiwolf.kawaiicrops.nei.NEIRecipeHandlerKawaiiGrill,crafting
com.kawaiiwolf.kawaiicrops.nei.NEIRecipeHandlerKawaiiBarrel,crafting
net.bdew.neiaddons.forestry.bees.BeeBreedingHandler,crafting
net.bdew.neiaddons.forestry.bees.BeeProduceHandler,crafting
net.bdew.neiaddons.forestry.trees.TreeBreedingHandler,crafting
net.bdew.neiaddons.forestry.trees.TreeProduceHandler,crafting
net.bdew.neiaddons.forestry.butterflies.ButterflyBreedingHandler,crafting
tonius.neiintegration.forge.RecipeHandlerFluidRegistry,crafting
tonius.neiintegration.forestry.RecipeHandlerShapedCustom,crafting
tonius.neiintegration.forestry.RecipeHandlerBottler,crafting
tonius.neiintegration.forestry.RecipeHandlerCarpenter,crafting
tonius.neiintegration.forestry.RecipeHandlerCentrifuge,crafting
tonius.neiintegration.forestry.RecipeHandlerFabricator,crafting
tonius.neiintegration.forestry.RecipeHandlerFermenter,crafting
tonius.neiintegration.forestry.RecipeHandlerMoistener,crafting
tonius.neiintegration.forestry.RecipeHandlerSqueezer,crafting
tonius.neiintegration.forestry.RecipeHandlerStill,crafting
tonius.neiintegration.railcraft.RecipeHandlerBlastFurnace,crafting
tonius.neiintegration.railcraft.RecipeHandlerCokeOven,crafting
tonius.neiintegration.railcraft.RecipeHandlerRockCrusher,crafting
tonius.neiintegration.railcraft.RecipeHandlerRollingMachineShaped,crafting
tonius.neiintegration.railcraft.RecipeHandlerRollingMachineShapeless,crafting
com.djgiannuzz.thaumcraftneiplugin.nei.recipehandler.ArcaneShapedRecipeHandler,crafting
com.djgiannuzz.thaumcraftneiplugin.nei.recipehandler.ArcaneShapelessRecipeHandler,crafting
com.djgiannuzz.thaumcraftneiplugin.nei.recipehandler.CrucibleRecipeHandler,crafting
com.djgiannuzz.thaumcraftneiplugin.nei.recipehandler.InfusionRecipeHandler,crafting
com.djgiannuzz.thaumcraftneiplugin.nei.recipehandler.AspectRecipeHandler,crafting
com.austinv11.thaumicnei.handlers.ShapedArcaneWorkbenchHandler,crafting
com.austinv11.thaumicnei.handlers.ShapelessArcaneWorkbenchHandler,crafting
com.austinv11.thaumicnei.handlers.CrucibleHandler,crafting
com.austinv11.thaumicnei.handlers.InfusionHandler,crafting
appeng.integration.modules.NEIHelpers.NEIAEShapedRecipeHandler,usage
appeng.integration.modules.NEIHelpers.NEIAEShapelessRecipeHandler,usage
appeng.integration.modules.NEIHelpers.NEIInscriberRecipeHandler,usage
appeng.integration.modules.NEIHelpers.NEIWorldCraftingHandler,usage
appeng.integration.modules.NEIHelpers.NEIGrinderRecipeHandler,usage
appeng.integration.modules.NEIHelpers.NEIFacadeRecipeHandler,usage
com.InfinityRaider.AgriCraft.compatibility.NEI.NEICropMutationHandler,usage
net.mcft.copy.betterstorage.addon.nei.NEIRecipeHandler,usage
codechicken.nei.recipe.ShapedRecipeHandler,usage
codechicken.nei.recipe.ShapelessRecipeHandler,usage
codechicken.nei.recipe.FireworkRecipeHandler,usage
codechicken.nei.recipe.FurnaceRecipeHandler,usage
codechicken.nei.recipe.BrewingRecipeHandler,usage
codechicken.nei.recipe.FuelRecipeHandler,usage
codechicken.nei.recipe.ProfilerRecipeHandler,usage
ic2.neiIntegration.core.AdvRecipeHandler,usage
ic2.neiIntegration.core.AdvShapelessRecipeHandler,usage
ic2.neiIntegration.core.GradualRecipeHandler,usage
ic2.neiIntegration.core.MaceratorRecipeHandler,usage
ic2.neiIntegration.core.ExtractorRecipeHandler,usage
ic2.neiIntegration.core.CompressorRecipeHandler,usage
ic2.neiIntegration.core.ScrapboxRecipeHandler,usage
ic2.neiIntegration.core.MetalFormerRecipeHandlerExtruding,usage
ic2.neiIntegration.core.MetalFormerRecipeHandlerCutting,usage
ic2.neiIntegration.core.MetalFormerRecipeHandlerRolling,usage
ic2.neiIntegration.core.CentrifugeRecipeHandler,usage
ic2.neiIntegration.core.BlockCutterRecipeHandler,usage
ic2.neiIntegration.core.OreWashingRecipeHandler,usage
ic2.neiIntegration.core.SolidCannerRecipeHandler,usage
ic2.neiIntegration.core.BlastFurnaceRecipeHandler,usage
ic2.neiIntegration.core.LatheRecipeHandler,usage
mrtjp.projectred.core.libmc.recipe.PRShapedRecipeHandler,usage
mrtjp.projectred.core.libmc.recipe.PRShapelessRecipeHandler,usage
gregtech.nei.GT_NEI_DefaultHandler,usage
gregtech.nei.GT_NEI_DefaultHandler,usage
gregtech.nei.GT_NEI_DefaultHandler,usage
gregtech.nei.GT_NEI_DefaultHandler,usage
gregtech.nei.GT_NEI_DefaultHandler,usage
gregtech.nei.GT_NEI_DefaultHandler,usage
gregtech.nei.GT_NEI_DefaultHandler,usage
gregtech.nei.GT_NEI_DefaultHandler,usage
gregtech.nei.GT_NEI_DefaultHandler,usage
gregtech.nei.GT_NEI_DefaultHandler,usage
gregtech.nei.GT_NEI_DefaultHandler,usage
gregtech.nei.GT_NEI_DefaultHandler,usage
gregtech.nei.GT_NEI_DefaultHandler,usage
gregtech.nei.GT_NEI_DefaultHandler,usage
gregtech.nei.GT_NEI_DefaultHandler,usage
gregtech.nei.GT_NEI_DefaultHandler,usage
gregtech.nei.GT_NEI_DefaultHandler,usage
gregtech.nei.GT_NEI_DefaultHandler,usage
gregtech.nei.GT_NEI_DefaultHandler,usage
gregtech.nei.GT_NEI_DefaultHandler,usage
gregtech.nei.GT_NEI_DefaultHandler,usage
gregtech.nei.GT_NEI_DefaultHandler,usage
gregtech.nei.GT_NEI_DefaultHandler,usage
gregtech.nei.GT_NEI_DefaultHandler,usage
gregtech.nei.GT_NEI_DefaultHandler,usage
gregtech.nei.GT_NEI_DefaultHandler,usage
gregtech.nei.GT_NEI_DefaultHandler,usage
gregtech.nei.GT_NEI_DefaultHandler,usage
gregtech.nei.GT_NEI_DefaultHandler,usage
gregtech.nei.GT_NEI_DefaultHandler,usage
gregtech.nei.GT_NEI_DefaultHandler,usage
gregtech.nei.GT_NEI_DefaultHandler,usage
gregtech.nei.GT_NEI_DefaultHandler,usage
gregtech.nei.GT_NEI_DefaultHandler,usage
gregtech.nei.GT_NEI_DefaultHandler,usage
gregtech.nei.GT_NEI_DefaultHandler,usage
gregtech.nei.GT_NEI_DefaultHandler,usage
gregtech.nei.GT_NEI_DefaultHandler,usage
gregtech.nei.GT_NEI_DefaultHandler,usage
gregtech.nei.GT_NEI_DefaultHandler,usage
gregtech.nei.GT_NEI_DefaultHandler,usage
gregtech.nei.GT_NEI_DefaultHandler,usage
gregtech.nei.GT_NEI_DefaultHandler,usage
gregtech.nei.GT_NEI_DefaultHandler,usage
gregtech.nei.GT_NEI_DefaultHandler,usage
gregtech.nei.GT_NEI_DefaultHandler,usage
gregtech.nei.GT_NEI_DefaultHandler,usage
gregtech.nei.GT_NEI_DefaultHandler,usage
com.kawaiiwolf.kawaiicrops.nei.NEIRecipeHandlerKawaiiCuttingBoard,usage
com.kawaiiwolf.kawaiicrops.nei.NEIRecipeHandlerKawaiiFryingPan,usage
com.kawaiiwolf.kawaiicrops.nei.NEIRecipeHandlerKawaiiBigPot,usage
com.kawaiiwolf.kawaiicrops.nei.NEIRecipeHandlerKawaiiChurn,usage
com.kawaiiwolf.kawaiicrops.nei.NEIRecipeHandlerKawaiiGrill,usage
com.kawaiiwolf.kawaiicrops.nei.NEIRecipeHandlerKawaiiBarrel,usage
net.bdew.neiaddons.forestry.bees.BeeBreedingHandler,usage
net.bdew.neiaddons.forestry.bees.BeeProduceHandler,usage
net.bdew.neiaddons.forestry.trees.TreeBreedingHandler,usage
net.bdew.neiaddons.forestry.trees.TreeProduceHandler,usage
net.bdew.neiaddons.forestry.butterflies.ButterflyBreedingHandler,usage
tonius.neiintegration.forge.RecipeHandlerFluidRegistry,usage
tonius.neiintegration.forestry.RecipeHandlerShapedCustom,usage
tonius.neiintegration.forestry.RecipeHandlerBottler,usage
tonius.neiintegration.forestry.RecipeHandlerCarpenter,usage
tonius.neiintegration.forestry.RecipeHandlerCentrifuge,usage
tonius.neiintegration.forestry.RecipeHandlerFabricator,usage
tonius.neiintegration.forestry.RecipeHandlerFermenter,usage
tonius.neiintegration.forestry.RecipeHandlerMoistener,usage
tonius.neiintegration.forestry.RecipeHandlerSqueezer,usage
tonius.neiintegration.forestry.RecipeHandlerStill,usage
tonius.neiintegration.railcraft.RecipeHandlerBlastFurnace,usage
tonius.neiintegration.railcraft.RecipeHandlerCokeOven,usage
tonius.neiintegration.railcraft.RecipeHandlerRockCrusher,usage
tonius.neiintegration.railcraft.RecipeHandlerRollingMachineShaped,usage
tonius.neiintegration.railcraft.RecipeHandlerRollingMachineShapeless,usage
com.djgiannuzz.thaumcraftneiplugin.nei.recipehandler.ArcaneShapedRecipeHandler,usage
com.djgiannuzz.thaumcraftneiplugin.nei.recipehandler.ArcaneShapelessRecipeHandler,usage
com.djgiannuzz.thaumcraftneiplugin.nei.recipehandler.CrucibleRecipeHandler,usage
com.djgiannuzz.thaumcraftneiplugin.nei.recipehandler.InfusionRecipeHandler,usage
com.djgiannuzz.thaumcraftneiplugin.nei.recipehandler.AspectRecipeHandler,usage
com.austinv11.thaumicnei.handlers.ShapedArcaneWorkbenchHandler,usage
com.austinv11.thaumicnei.handlers.ShapelessArcaneWorkbenchHandler,usage
com.austinv11.thaumicnei.handlers.CrucibleHandler,usage
com.austinv11.thaumicnei.handlers.InfusionHandler,usage
